https://habr.com/ru/company/yandex/news/t/498170/;
https://habr.com/ru/news/t/487778/;
https://habr.com/ru/company/luxoft/news/t/594093/;
https://habr.com/ru/news/t/507118/;
https://habr.com/ru/news/t/582300/;
https://habr.com/ru/news/t/592829/;
https://habr.com/ru/news/t/598015/;
https://habr.com/ru/company/X5Group/news/t/568038/;
https://habr.com/ru/news/t/572818/;
https://habr.com/ru/news/t/485368/;
https://habr.com/ru/company/vk/news/t/466351/;
https://habr.com/ru/news/t/546062/;
https://habr.com/ru/company/utkonos/news/t/595447/;
https://habr.com/ru/news/t/507154/;
https://habr.com/ru/news/t/583760/;
https://habr.com/ru/company/drweb/news/t/543930/;
https://habr.com/ru/news/t/564670/;
https://habr.com/ru/news/t/550242/;
https://habr.com/ru/news/t/573874/;
https://habr.com/ru/post/257529/;
https://habr.com/ru/company/yandex/news/t/498170/;
https://habr.com/ru/news/t/487778/;
https://habr.com/ru/company/luxoft/news/t/594093/;
https://habr.com/ru/news/t/507118/;
https://habr.com/ru/news/t/592829/;
https://habr.com/ru/news/t/582300/;
https://habr.com/ru/news/t/598015/;
https://habr.com/ru/company/X5Group/news/t/568038/;
https://habr.com/ru/news/t/572818/;
https://habr.com/ru/news/t/485368/;
https://habr.com/ru/company/vk/news/t/466351/;
https://habr.com/ru/news/t/546062/;
https://habr.com/ru/company/utkonos/news/t/595447/;
https://habr.com/ru/news/t/507154/;
https://habr.com/ru/news/t/583760/;
https://habr.com/ru/company/drweb/news/t/543930/;
https://habr.com/ru/news/t/564670/;
https://habr.com/ru/news/t/550242/;
https://habr.com/ru/news/t/573874/;
https://habr.com/ru/post/257529/;
